,name,mfg_date_dd-mm-yy,batch_number,number_products,checked,prod_id,hash
0,test_name,21-03-2022,WP50050MD,200,NO,WP50050MD000,"b""X\x82\xdf3\xb8\xe90\xd2L\x82\x83\x05\x03kV\xc3\xda\xcez\xcf\xf1\x87\xffxN1\xb5\xa3\xf3\xa6'\x10"""
1,test_name,21-03-2022,WP50050MD,200,NO,WP50050MD001,b'9\n\xc8\xa7\xb0u\xb0E\x17\xbbL\xac\xef|\xe6_\xf8\xa8\xb8W\xf64\x9d|\x13$x\xf0\xb8\xfb\xb5C'
2,test_name,21-03-2022,WP50050MD,200,NO,WP50050MD002,b'B\x0b\xf8\x94\x91\xe6\x82q\xaf8\xd5\xd7\x04\xe2\xb2{f`4#Fdt\xb6\xa9\xd62\xdb{l\xf2\x8a'
3,test_name,21-03-2022,WP50050MD,200,NO,WP50050MD003,"b'.@^\xe74\xe6Z,F\x8a\x9eC\xa8q\xf4\x1e\x03\x9dV\xa5\xf2\xb9&\xab\x02l\x8f\xd2\x8d\xbfe\x19'"
4,test_name,21-03-2022,WP50050MD,200,NO,WP50050MD004,b'r\xb0.\xc7\x91\xfd\x89>\xdeRh\x0e5\x8az\xe1\xbe\xf1\xe4\x08S\xa1\x10\x9c\xfaZ\xe3\x92\xb95M\x8b'
5,test_name,21-03-2022,WP50050MD,200,NO,WP50050MD005,b'i\xf4\xdc\xd5\xfd\xe8A\x05\xd0|\xa9#\x98\x8b\x7f\xd1\xbcg\xce\xabL\xb3O\x16Y\xaf\xae\x14k\xef#\x1a'
6,test_name,21-03-2022,WP50050MD,200,NO,WP50050MD006,"b'B*2\xd8w\xf7\xad\x0fJ,\xdd\xf0\xd19\xb1N`\xd2\xa1{\x93\x88\x17/\t\x9d\x085\xa6\xb7\xber'"
7,test_name,21-03-2022,WP50050MD,200,NO,WP50050MD007,"b""'n\xca9\x9c9\xdd}!6\x1d\xc0\xaf\x11G\xb4\xe0\x11\xd9k*\xe5\xbf7\xd2\xca,\xc1\x1a\x7f\xce\xb4"""
8,test_name,21-03-2022,WP50050MD,200,NO,WP50050MD008,"b""1\x0c\x17dy\xff\xd5\xa0h\x12p`;\xa8b\xb3\xba\x8ebX[\x9e\x8d<\xd5\x0b\xa1e\xa9'\x0eo"""
9,test_name,21-03-2022,WP50050MD,200,NO,WP50050MD009,b'Ee\xd7;\n\xc8\x93\x8al\xadI\xd1KG7\xc0\xd2\x10\xc3\xf0\x92\xa3!\xb5Bl\x18\x8f\x1c@\xf36'
10,test_name,21-03-2022,WP50050MD,200,NO,WP50050MD010,b'\r\x05\x12/c>\x12\xc5\x8f\xc4a\xe4Q\xf6A\xff\x1f\x88\x823h\xeb\x1fU\x14KVqT\xc0\x86l'
11,test_name,21-03-2022,WP50050MD,200,NO,WP50050MD011,b'[~Un\xb0n?1\xc0\xe6\xab\xc1\x1c\xbc\xb4\x82\xbe~Q\xfcD\xfc M\xd3\xc3\xe4\x0fK2\xe8;'
12,test_name,21-03-2022,WP50050MD,200,NO,WP50050MD012,b'_j\x0c\xc0\xcf_\x1cdST\xfad\xf6\\9{\xb0!<\xf7>\xcb\xc0\xa2\xaa\xd1D\xd4&\xf5\xcb\x8b'
13,test_name,21-03-2022,WP50050MD,200,NO,WP50050MD013,b'gf\x03\x0f*\x13\xb0/U3m\x10\xda\x1a3\xde\x81\xe4\xbb\x84\x1f\xb1\x13\n$J\xd1\xc4\xa0U#\x03'
14,test_name,21-03-2022,WP50050MD,200,NO,WP50050MD014,"b'][\xd5\xa6Q\xaf\xf1\xd2\xa7-\x07\xf2\x82\x972\xcd\x1c\x90>\xd7\xf5\xd7,(\xb1|Q_\xb5\x93\x01\xec'"
15,test_name,21-03-2022,WP50050MD,200,NO,WP50050MD015,"b""\n'\xca\xec\xa8i0r\xef\xf8O\xa3>\x90A2\xd2\xbe\xcc\xff\x0b\xb0\xd3E\xe7\xe5\x9a\xd4qu\xb5\x9a"""
16,test_name,21-03-2022,WP50050MD,200,NO,WP50050MD016,"b'g\xe7$\\\x9dN:\\\x7fNL\xb9a~\xd6x""\x94Z\xb3\xcf\xa1\x0cz\x8d\xfd\xbf\xf5\x87\x86\x99!'"
17,test_name,21-03-2022,WP50050MD,200,NO,WP50050MD017,b'`L\x9b\x9d8\x80\xe5\x87\x1c\xabJF\xbd*\xect\x0ba}Y\x1d\x1bb\x12\xee\xa6y\x94\x88\xf8\x80\xb9'
18,test_name,21-03-2022,WP50050MD,200,NO,WP50050MD018,b'W\x14\x02\xa5\xbeX\xfaU\xdcq\x87\x05g\xe4\xd5\xc5\x94e{\x9c\xb3\xb1\x98\xf4u\xb6\xc7\xe9\x81\xca\xe76'
19,test_name,21-03-2022,WP50050MD,200,NO,WP50050MD019,"b'(\xea\xa6\x18t\x9aaX\xef\xd0\x8f\xec\x00\xea\x88\x1f_6y\xe4,\xfb\x0c\x11\xf5\xd16\xdc\xea\x81O\x8d'"
20,test_name,21-03-2022,WP50050MD,200,NO,WP50050MD020,"b'\x00\xc0\xc4\xce\xe2\x8b\xed\xde\xad\xb9\xc3;X\x99""c\xc7\x1b""`X\xfbP\xadZ@\x14d\xc3\xff\x80\x11'"
21,test_name,21-03-2022,WP50050MD,200,NO,WP50050MD021,b'\x86Y_\xf8\xac\xde\x1e8\xe2\xa5\x84\x1a\x0e\xc6\x01[_y9\xa4\xedC~\x0c~\xc2\xd4\xd6T\xb4\x9eG'
22,test_name,21-03-2022,WP50050MD,200,NO,WP50050MD022,"b'a\xa4b\x9d\x84@o\xf3k,8\xedc\xb0j\xcf\x14\xb3,\xea.\xb6=G^\xf4\xa1,q\xb2\xa9\xd6'"
23,test_name,21-03-2022,WP50050MD,200,NO,WP50050MD023,b'\x05\xb1\x17\xff\xb3\xb5\x8f\xf0ffo\xe1\xa3oc\xed\xc5\xda\xd6\\\x85\xc2\x01\x95\x1c\x0f\x9b\x10\x8f=\xcd&'
24,test_name,21-03-2022,WP50050MD,200,NO,WP50050MD024,b'0\xc3C\xa5\xcc\x05\xbc\x07\xad\x1e\x1b\x9bLr!\x90q4-\xd7\xed\xb8\x80\xb9\\\xbcp#\\OW\xf8'
25,test_name,21-03-2022,WP50050MD,200,NO,WP50050MD025,b'\x08\xa00\x8e\xde\x0c\xfd\xf6\x06O\xe0Re\xd8\xdf\xc0\xde\x19\x15\x03W\x19\xf5\xd0\xa4\xbd\xa7\xe2\xb0\x81\xb1U'
26,test_name,21-03-2022,WP50050MD,200,NO,WP50050MD026,b'\x04&R}\xcd\xc8^\xb9\x8f)>0\xf1\x05\xe4Mw|\x96:\x17\xa0\xd1_D\xf7\x11\x94/q\xd7\xbc'
27,test_name,21-03-2022,WP50050MD,200,NO,WP50050MD027,b'B|\rg-\x11q\x190\xdc\x90\x9c\xbc\r\xc5\xf5\x12X(\xaf\x15\xa7\xe1\xbd\x14\xe3m0\x90 \xc7i'
28,test_name,21-03-2022,WP50050MD,200,NO,WP50050MD028,"b""x8\xdf\xdb\xe2\x81Lvsd3a\xfa;\xf2\x89Zm\xcb-)kO\xd9y'\x9e^\x89\xbe\x8fh"""
29,test_name,21-03-2022,WP50050MD,200,NO,WP50050MD029,b'v\x88u\xaf\xc0\xc0\tc\xff3\x0b\xf6)\x18:\x1d?\x8bP\xca\x87K\xd7\\lA$j\xa5\xd8\xa9\xf5'
30,test_name,21-03-2022,WP50050MD,200,NO,WP50050MD030,b'c\xf98\xc1$\x85\x1c\xa5 M\x11>\xe6\x12\x96\x81\xe0\xfa2+\x14\x82\x92\x11\x9b\x98\x88V+\xf22\xee'
31,test_name,21-03-2022,WP50050MD,200,NO,WP50050MD031,b'J\xf3\x8eP\xa5p\xcc\xcd6r\x83\xa5{\x00V\xd1\xd5\x05\xd3\xe0\x826\xe7\x7fH\xc32i\xb2\xeb#m'
32,test_name,21-03-2022,WP50050MD,200,NO,WP50050MD032,"b""\x0b\xd24\xffA=\x97\x0fw\xce\xd2\xc62\x1b\xa1\x1cB\xa7\xec\xba\xd9\xb3\x9b\x07\x9bqe\xa6\xdb'\x16\x17"""
33,test_name,21-03-2022,WP50050MD,200,NO,WP50050MD033,b'\x87\x14\xbd\x97\xcc.-r\xde\xdc\xf5O\xa4\xa3\xf6\xcb\xbc\x87\xdbZ\xb3O\xb3\xcb\xc3\xa3\xcdR\xffR\x85\xaa'
34,test_name,21-03-2022,WP50050MD,200,NO,WP50050MD034,b'\x1b\x93\x87\xd1\xf9A\x13(TL\x1b5\xe5\xb0\xcd\xdb\xae\xd0\x1b\x07\x8b\x92\xf6\x07HW\xd4\x0f\xae\xbcvY'
35,test_name,21-03-2022,WP50050MD,200,NO,WP50050MD035,b'\x83\x16cr(E\x99\xf5@\xd8\x13X\x00$\xc2\xea~/D\xc4\xbd\xeb2\xfe_5%\xfa/\xa2\xad\xf7'
36,test_name,21-03-2022,WP50050MD,200,NO,WP50050MD036,b'\x00\xcd\xfb9p\xc7\xc1\xeb=\x15\xb8\x8f\x15\xd2\xf5\xb2\xf5\x91\xdd\xf7\x00\x17\xa6\x7f)\xc5\xd7\x1e\x0b\x8e?:'
37,test_name,21-03-2022,WP50050MD,200,NO,WP50050MD037,b'FM\x05\xb9ASF\x1e\xac\xb7\x89U\xf8\xf0n\x12\xee\x92\x85\xd8oFB\x08K\xef&9\x02(\xbc\xd1'
38,test_name,21-03-2022,WP50050MD,200,NO,WP50050MD038,b'@\xa7\xcf/\xbeakv\x86\xc2\x94/\xeb\x9a}\x99\xf4\x82]\x95\xcbt\xed\x04\x90\xd711\xd2\x19Sy'
39,test_name,21-03-2022,WP50050MD,200,NO,WP50050MD039,"b'c\xf2\x8c5\x03X<\x13,V\x07\xa8\xedj\xc1p\x8ba\xf5\x94u\xc0\xa1c\xadZ2\x06\xd9tJ\xfd'"
40,test_name,21-03-2022,WP50050MD,200,NO,WP50050MD040,"b'Q\x85\xbcw\x0ft\xe6vs\x86>\x10*,\xa2\x0c\xa39\n,\xfe\xc3\x05\xc0\x1a\xefM=\x9f\xea1\x8e'"
41,test_name,21-03-2022,WP50050MD,200,NO,WP50050MD041,b'>jC\xe9\xd1m\xd8\xab\xc2\x15\xf2*\\\x8e\xd8\xa96\xf9\x85\xc8\xf9\xf7G\x9ah*5\x10\xec\xc6\xaa\xb8'
42,test_name,21-03-2022,WP50050MD,200,NO,WP50050MD042,b'p\xa0\x15)\xe0O\xfa@U\xf1d`Y\x94M<\xd6\xf4\x1c\xd1Z]lH\xd5\x0f\xa1.\x7f\x9eG\xef'
43,test_name,21-03-2022,WP50050MD,200,NO,WP50050MD043,b'P\xb2[\x9c\xce\xd3\x00c_\x02C\xb9\x7f\x91<\xee\x84\xa9\xc0>\x05\x88\xceb\x0c\x01\xd2\xd4g\x83?B'
44,test_name,21-03-2022,WP50050MD,200,NO,WP50050MD044,b')\xb4\x92\\@\xa3g\x17\xb9\xb1*\xdf\x9a\x0c\xdes4\xcb[R\xb0o\x85\xd4w\xb3\xc8\xb0\xf4y\xf8\xa8'
45,test_name,21-03-2022,WP50050MD,200,NO,WP50050MD045,b'z\xe8\xd2Qp\xdcu\xeb\x00\xbc\xde\xd0\xc2\xf8L\xc8\x10\x0f\x04lX\x18\x92\xb5\x07\xf3~\xae9\x99\xa2\xf9'
46,test_name,21-03-2022,WP50050MD,200,NO,WP50050MD046,b'\x1al\x1f\xca\xa3\xc6\x9d\x85\xb6\x03\x88\xde\xf4\xd7+.\xbe+\xe7\x19\xb1\x01$(\xcd\xe0\x83\x91\xaf\xb3yb'
47,test_name,21-03-2022,WP50050MD,200,NO,WP50050MD047,b'1\x1a\xf4\xeba\xee\xb7\xb4\x8a\xf2\x9a\xf2x\xe9\xba\xd1\xc8\xa5\xf8\xa4+t\x195u\xb8s\x8e\xd5]\xa9\xa4'
48,test_name,21-03-2022,WP50050MD,200,NO,WP50050MD048,b'LH\xefy\xec\x0c\xace\xc2\x8fEuT\x81`\xd3\x907\x1f\xf4+\xabc\xa1\x84\x1a\xfeP\xad\x8c\xbc\xd5'
49,test_name,21-03-2022,WP50050MD,200,NO,WP50050MD049,b'X\xbfE$\xd6z\xccR#x\xa5\xe7)\xd4\xe1\xa6\xfbN\x85\xb6G\xeb\x99\xad\xe7D\x99\xc9+/6\xee'
50,test_name,21-03-2022,WP50050MD,200,NO,WP50050MD050,"b""\x0e\x1c|\xce!S6\x0e\xdb~Z<\x8ac\xee\x1a;\xc3\xc8'6\x0c\x1e\x96\xfa\x1eBN\xebU\x97\x06"""
51,test_name,21-03-2022,WP50050MD,200,NO,WP50050MD051,b'q\xa9\x15\xe9\x89\x14\x04\x90\xfd\x9e\xcau\x7f\xdc\xaa\xfd!\x98W9\xddi\x92.\x8e!\xa9\xce\xd5\x06\xe2Q'
52,test_name,21-03-2022,WP50050MD,200,NO,WP50050MD052,b'K\xc2\xb5U\xf0\x1c\xa5&\x04\xd9\xc1S2\xb3\xe7\xe2\xa7\x04\x89\x04}\xc7\xda%\x8a\xac%6u\xb8\xab\xa1'
53,test_name,21-03-2022,WP50050MD,200,NO,WP50050MD053,"b'!\x8b\xc0\x08\x8bQ\xf5_\xe9""\xe3y\xea\xff\xb3v:1\x16\xec\x11\xda~Kd\x8fma\xb1\x83\xf2\xb7'"
54,test_name,21-03-2022,WP50050MD,200,NO,WP50050MD054,b'+\xf4\x8a\x1f\xd42\x80dd\xa2\xbc\x9dz\x88\x02\xd6\n-\xd9n\xb6\xc8_\x15\\\x9f&b{\x9c\xbf\xdc'
55,test_name,21-03-2022,WP50050MD,200,NO,WP50050MD055,b'\x12j\x10\xc4\xf83\xcfK\xb5\x12(|qa3.-\xab\xe04\xa9\xe4\xcal0\xb6\xa3\xfeZ\x91Z4'
56,test_name,21-03-2022,WP50050MD,200,NO,WP50050MD056,"b'L\x8c\xc2C6I\xe9\x8b\x04\x93a1 X""Z\x12Z\xe4\xf1\xe2\x90E\xfc\xa7\x12I\n\xbf\xe7\x9cD'"
57,test_name,21-03-2022,WP50050MD,200,NO,WP50050MD057,b'x\xf6\x11\x03\xa5\xbb\x8a\xb3\xe52\xbe\xd6]\xe5\x83\x140DJ\xaa\xcd3\xf0\xb0\x86\xcca\x19a`\xc1\xb3'
58,test_name,21-03-2022,WP50050MD,200,NO,WP50050MD058,b'j\x00\x1ak\x13P\x86\xe6\xa5\xa8NM~d\\U\xeb\xa0`\xc0\x0c\x81i\x18\x9f\xefP\xe5\xb9\xf6n\x14'
59,test_name,21-03-2022,WP50050MD,200,NO,WP50050MD059,b'%\xf0\xa9\x13\x98\x8a\xdd\x80M\xc78\xaa\x98}\x04\xb9\xbe\x8a\xc2\x19\xb8\xd8<\x96\x7f\xeezU\xce\x88\xc7G'
60,test_name,21-03-2022,WP50050MD,200,NO,WP50050MD060,"b""Ny\x8fj\xcc\xe7K6,h]\xe0zt4\x01\x1cj'\x17\x8b\x94\xfc\xeb\xea\xdf\x81c\x1d\xdd\x07\x84"""
61,test_name,21-03-2022,WP50050MD,200,NO,WP50050MD061,"b""UL'\t\xe9\x86?\x89\xd1\xb8\xaf,\x90c\xec\xc1\xe9\x86\xb58\\\x93\xf6\x1e\xdb\x93E\x9e\x1d\t\xcc\x15"""
62,test_name,21-03-2022,WP50050MD,200,NO,WP50050MD062,b'\x88R\x18\xc5iV\xb1}\xa5:\xc1\x06{\x01\xa9\xe8i\x17\xafG\xeb\xe4MJ\xe9\xb0\xac\x0e<\xbb.\n'
63,test_name,21-03-2022,WP50050MD,200,NO,WP50050MD063,b'\rC\x96%\xea\r\x1e\xa4\xe2L\x17\xf8\xd3\xdeh\xd7\xb5\xc2\x80M\r\xcb\x83;\xea\xdf\xc8C\xd7\x9f\x0c\x88'
64,test_name,21-03-2022,WP50050MD,200,NO,WP50050MD064,"b""QB\x11\xa2\x94\x96y\xf9;\xf7.\xca\x98pT\x92O\xde@\xbd\xec\ri\xce'\x18\xd6\xcb_\x1d\xf3\x12"""
65,test_name,21-03-2022,WP50050MD,200,NO,WP50050MD065,b'$\xed\x15\xe4F\xbc\x84\xc9j\xb3\xe8\x1b\xf6|\xe3\xd4e8\x1f\xa8\x08\x8a\xf8\xef\xa4\xcb\xe3\x14K\xbf\x07\xb7'
66,test_name,21-03-2022,WP50050MD,200,NO,WP50050MD066,b'\x8b\x82\xcb\xf4\xe5\xbd\xd35\x88\xb6:\xf6\xf05\x83\xc5\xf7\xe6\x88\xf8\xb5F\x8a/\x92U\xcf.\xef;Ll'
67,test_name,21-03-2022,WP50050MD,200,NO,WP50050MD067,b'4\xc6\xc54\xfe\x9c\xb3(\xf03N*~\x9f\x102\x14\xcbd\xbb\xe2i\x1d\xbb\xf2\x1a\xa3\xb9t\xd9\xceO'
68,test_name,21-03-2022,WP50050MD,200,NO,WP50050MD068,b'\x08\xa3\x7f\x98sF\xd1\xaf\xff\xc4\xd8\x10\xd5\xa2\x95ab\x0e\xcb\xcaV\xfa\x93\xb2\x86\xb3vh\x19\xd8\xbd\xf9'
69,test_name,21-03-2022,WP50050MD,200,NO,WP50050MD069,"b'Eo&:\xf3\xc7\xf6Ti7\x95YH\xb9M\xde\xb8\xc9\xdd\x9b\xf4\x99\x83\xd4\x8d\xea\\8,\xed\x06i'"
70,test_name,21-03-2022,WP50050MD,200,NO,WP50050MD070,"b""\x12\xb3J\xb1\xa7\\W9\xec\x05\xd4\xad\x9f\x15z\x17\x03'\xbd\xfb\x85\xf8\x1b\x9f\x9b\xacO\xad\x90\xbc\xd5\xdf"""
71,test_name,21-03-2022,WP50050MD,200,NO,WP50050MD071,"b'f\xd3\xdf\xa9\xa1\to\xe0\x7f\xa94\x14\x08""\xebV\xf4\xba\x95b\xe2\x9c_Z/\xe5j\x94Og\x89/'"
72,test_name,21-03-2022,WP50050MD,200,NO,WP50050MD072,"b""\x82p\xa8\xb5\x82\x0fb\x9e\xf2\x07w\xab\x99\xe3\xf6\xf6\x07\x8e\xf1\x04\x8a\xdd\xb0\xb9\xe4\x9c\n\x03\x05A'\xed"""
73,test_name,21-03-2022,WP50050MD,200,NO,WP50050MD073,b'C~\x05\x12\xa4\x82\r \xaf2\xd1\x87\x82\x11\xebZ\x1c\x14\xf9\x89\xbdc\xc0\x13\\Z)\x8dj\x0f\xc0\x93'
74,test_name,21-03-2022,WP50050MD,200,NO,WP50050MD074,b'\x10\xb2C\x9e2\xe9.^G\xe6\xe3[b\xfa\x06p\xf2N\x7f\x16\xa6\xb2m\x07\x91==0#\x12\x81O'
75,test_name,21-03-2022,WP50050MD,200,NO,WP50050MD075,b'Y=Y\xbd{\xd0\x87\xa7{\x8dTxN\x89\x04\xe4@\x8f\xf1\x94q8a\xf2\xa0\xd9`\xf1\xd50\xc2I'
76,test_name,21-03-2022,WP50050MD,200,NO,WP50050MD076,"b'0n2=\xd2S\x008,\xd3\xf01\xdf\xa0L5b\xec\x8aL\x96v\x0c\r\x92\xa3\x03\x82M[\xaf\xd6'"
77,test_name,21-03-2022,WP50050MD,200,NO,WP50050MD077,b'>-I{\xcc8\\v\x94\x16\xc7\x0e\xc6z$g\xf2 6\x04\x02\x1bz\x8fy&H\xd2\x0c\x16\xfd\xd1'
78,test_name,21-03-2022,WP50050MD,200,NO,WP50050MD078,"b'\x7f\x89\x92\x16\xca0\x9e\xfa\x99""\xef\xe8\xf9z\x9a(\xaf\xca\x01\xc3\xad\xee\x88\x02\xb4\xdc\x884\xda\xcb\x00i'"
79,test_name,21-03-2022,WP50050MD,200,NO,WP50050MD079,b'g6r\xdb\xd1Y\xcb\x8a^\xec\xf9\xa4\xe1\xd41\xe4t\xa9oH\xb4\xa2\xef\xd2\xc8\xe9\xa4\x10\xab/\xff\x15'
80,test_name,21-03-2022,WP50050MD,200,NO,WP50050MD080,b'\x05g\xb3M\xc0\xfd\xdeT\xe5\x18\xc9\xb9\xfa\x8f\xa6\xc3qX\xf8\x9d\\X\xf5^d\xfe1\x88\x7f\xd1\x97\x9a'
81,test_name,21-03-2022,WP50050MD,200,NO,WP50050MD081,"b""$\x11&\xedt\xf8\x16\n\x9a\xa5\x8c\x9c.\xab\xa2\xd0\xfe\xd9\xb0\xb3Z\xab\xd93\x91\xdb\xeb\xe4w\x82'\xe3"""
82,test_name,21-03-2022,WP50050MD,200,NO,WP50050MD082,b'U\xf1R\xe1x\xfah\xf9$~\xe9?\xb1k\x01d\x83\xd3\x1b_M=\x0b\xae\x9e\xb4\xf9\xadRE\xda\xef'
83,test_name,21-03-2022,WP50050MD,200,NO,WP50050MD083,b'V\xfe(\\?b\x11\x0f\x8f\xa18T4U\x00\x87\xd5p\xc5\xbb}@\xb1\xecGi\x19\xa1e\x06L-'
84,test_name,21-03-2022,WP50050MD,200,NO,WP50050MD084,"b'\x05\x9b\xce\x96\xbd\x16M>\xed=9\x96\xda#w\x9dm\xc8\x91\xc43D\x8d\x1e6\xb6\x14\xa1""$\xf6\x1f'"
85,test_name,21-03-2022,WP50050MD,200,NO,WP50050MD085,"b""B7\xdf\x858\xe5\x95A\xf4\xa4v,\xd6\xd9YI\\'\x91\xf3|,\xee`*2`\xf8_2_\xef"""
86,test_name,21-03-2022,WP50050MD,200,NO,WP50050MD086,b'y\xa4e5\x9ee\xabP\x1f\x88(\xf2hI\xd4]v\xdd\x0bx\xe4\xab\xdd+E\x14\xf0\xa1\x17v\xbaK'
87,test_name,21-03-2022,WP50050MD,200,NO,WP50050MD087,b'\x17\xbft\x94\xfb\xe0z]*\x0fx\xe0D\x97i\x83\x15\x00\xfde)\x88\xf3\xd6r\xda\xc9\x89\xaa:W\xe8'
88,test_name,21-03-2022,WP50050MD,200,NO,WP50050MD088,"b']R\xd7\xb1\xa4\x83\xafzy\x9d\r\xcbB\x94\x93\x13\x9b\x90j\x00,\x8f\xec\xd6#d\xdcO\x86\x18\x9cs'"
89,test_name,21-03-2022,WP50050MD,200,NO,WP50050MD089,b'z\x99\x17\xb6\xc7l\xb8\xb7u<P\x85\x9f\xc7\x06\xc4<\x8d\xd0<}\x8a\n\xbag\xf8r\xde\x07op\xa5'
90,test_name,21-03-2022,WP50050MD,200,NO,WP50050MD090,"b'""\xb8\x8fr\xb7t\x97u\xee\x1c0)g\xcdy8\x8bRl\xbb\xa0\n\xae\x89\x8f\xe9C\xd0sJ\x16\xb4'"
91,test_name,21-03-2022,WP50050MD,200,NO,WP50050MD091,b'T!OY\xe4\xe7\x13\x84EZ\x13\xb2\xd4\x1b\xf2C\xf2\x81\xf8\xb654\xff\xabn\xc3*\xd9\xbc\x96\xc78'
92,test_name,21-03-2022,WP50050MD,200,NO,WP50050MD092,"b'\x8a#\xcc\xe7?\xd5;h\xe8\x0c\xbf\xa1\xf5^\xcd+\xeb\xcf\x8b\x99""zo\x10L\xa9\xfb\xea><\xc1\r'"
93,test_name,21-03-2022,WP50050MD,200,NO,WP50050MD093,b'.\x14\x911\xe0\x11B\xd5\xe4\xf2\x0b\xb6%Y\xe8h`V\x04\x17\xc6$\xe6\xff\x7f\xeeR\xed\x9eA\x8d\xb5'
94,test_name,21-03-2022,WP50050MD,200,NO,WP50050MD094,"b'6w\x8a\xe9\xd7\xf4A\xc3\xd8Mx\xf9[\xc2\xafN,\xf2\xff\x82]0\xaaH\xf7\xba/\x99\x05\\0\xf3'"
95,test_name,21-03-2022,WP50050MD,200,NO,WP50050MD095,b'l{4\xc4\xce\x94M\t\xe5~\x10\x97G\xa8\x8aj\xe9\xfc\x06\x11\xc7D\xe3\xd4\x98\x04d<`\xe0\x88\x8e'
96,test_name,21-03-2022,WP50050MD,200,NO,WP50050MD096,b'\x1e\xc9\xcbjJZ\xf6\xbe>=9E\xda\xda\xf8\x06\xa1\x83\xf9\xc3X\xaa\r\xf9\x17\x9d\xa3\x18\xd9\xbf\xe7\xa8'
97,test_name,21-03-2022,WP50050MD,200,NO,WP50050MD097,b']\x86\xf5\xd1\xe8\xb8sNk\xd2\xb9\xf86\xc0\xdc\xda\xafU\xac\xd1\xe9\xfb\x87d\xe0\xb9\xa1\xca:\xefq&'
98,test_name,21-03-2022,WP50050MD,200,NO,WP50050MD098,b'$([\xc1&\x02cn\x92\\\xd4\xf9\xecR$\xdbq\xab\xf0y\x8bm4Z.Iw3f\x99.\x81'
99,test_name,21-03-2022,WP50050MD,200,NO,WP50050MD099,"b'\'hZ\n\x91Oz\xb9\xc1e\xf5@""\x8b\xc50\x05\x02=\xbfO\xf8k\x0c\xec\xa6\xc64m\xd6aj'"
100,test_name,21-03-2022,WP50050MD,200,NO,WP50050MD100,b'~\x0e\x83\xb7o\xf6\x85d\xff\x8f\xac\xca\x8d\xb2\xbe\xd2\x0f<\xca\xd9-\xd1F\x8c\x96\x16\xa4|\xb7\x8d-\xa0'
101,test_name,21-03-2022,WP50050MD,200,NO,WP50050MD101,b'cV\xff\xcc\x81{\xcf\x9a\x84\xaazp\xc17\x99\xad\x04\x88N\x80\xaf\x13\xdf\x96\xa8\x9d)\xf5\xd2\xedu\x87'
102,test_name,21-03-2022,WP50050MD,200,NO,WP50050MD102,"b'\x7fq\xce\r-+\xea\x17\x84\x9fK\xc1\xe7\xe4\x08~\xf4G\x14\x10\xcd`\x8a\xa8/\xb92S~,\x14Z'"
103,test_name,21-03-2022,WP50050MD,200,NO,WP50050MD103,b'UD\xdb\xed\xf20\x83\x8e\x89 Tg\xbc\xde\x85\xb7\xf8k!\x95O\xee\x9e\x9d\x93J+\xc5\x87^\xdd\xba'
104,test_name,21-03-2022,WP50050MD,200,NO,WP50050MD104,b'2\x9b\xf5F\xd1\xe1\x03\xc8*\xa9\x87\x07\xb3\t\xfcM\xb6\xd2\xeeB{\xc1\xa4\xf4\x94\xb2\x8c1\xc5M\xc6D'
105,test_name,21-03-2022,WP50050MD,200,NO,WP50050MD105,b'\x04\x98\xc6\xe8\x14\xce\x7f\xe0\xcb\x8cr\xea\xd6\xceYQ\x86y\xf0\xa3\xdfZh!H\xe74A#\xbe\xd3\xae'
106,test_name,21-03-2022,WP50050MD,200,NO,WP50050MD106,b'_\xba\xc8\xf3u\\\xab\xea\xba\xf7q\xcc\xd9\xf5\xb9\xdefOL\x04\x00\x9e2\x8a\x88\x96n\xa1\xd2j\xcdp'
107,test_name,21-03-2022,WP50050MD,200,NO,WP50050MD107,"b""*|m\xa9\x9d3'\x0b:\xb4EQp\xdb\x83\xb1\xb2\xb6\xf0M42\xb5\x00G\xff.\x15S\xc68\xb3"""
108,test_name,21-03-2022,WP50050MD,200,NO,WP50050MD108,"b';L\xbc\xff\xc1\xd2\x81\x01s\x86d\xa0\x92v\xc9v\xa3e""\x16[\x1e\xc9\x90""\xab\xbar_;3e'"
109,test_name,21-03-2022,WP50050MD,200,NO,WP50050MD109,"b'\x0fn1\xd6\xad=\x9b.\x8c\x0f\x954\xea\x1f+Q\x0c\x17\xed\xdf\x16\xe9N\xbb8\xc1v\xc2\xd6""5U'"
110,test_name,21-03-2022,WP50050MD,200,NO,WP50050MD110,b'^N\xc2\xbd\xed\x0c\xbf\xaa\xe2L\xcd\xfc\xfc\xfc\xbfc\x05k{\x1f\xf5\x92\xb9\xb4\x1b\xcbiP\x8bm\x9c~'
111,test_name,21-03-2022,WP50050MD,200,NO,WP50050MD111,b'F\x9e0\x87\x89\xcdq>\x15\x96\xf1(\xd2\xe0\x9e\x9f\xebo\x06\x048;\x1a\xcf\xa7a\xea\xf5[\xb3\x83\xc4'
112,test_name,21-03-2022,WP50050MD,200,NO,WP50050MD112,"b'u\xf48\x98M?l\xca\x0e,\x9a~\xe9\x82o1\xf6\x97\x08\xf2\xc1\x95+\x85\x8c\xc80F\x7fY^\xd6'"
113,test_name,21-03-2022,WP50050MD,200,NO,WP50050MD113,b'4\x9b\xdcD\x980?\xdb\xbb\xd2M\xbca\xf4e\xfd\xa0?\x03\xb7\xd7\xae$\x0ea\x96.|\xb2\xbb\x81\x97'
114,test_name,21-03-2022,WP50050MD,200,NO,WP50050MD114,"b'wva\xa9\x01\xb9\xb3\x02r`""\xb1\\\xf7\xdc\xce\x88\xc8:8k_MY\xa3\xa7\xbb^\xees\xb6\xaa'"
115,test_name,21-03-2022,WP50050MD,200,NO,WP50050MD115,"b'\x10C\x83\xbc\x1e""Hd\xb7\x96\xd4R$!v,\xa4e\xbf\xf7\xa5D\xe0\x92\x01 e\xc6mx\xc0a'"
116,test_name,21-03-2022,WP50050MD,200,NO,WP50050MD116,b'\x7f\xf3-g\xa0\x9e\x81\xd9\xfe\x85\xe1\x82~+\x11\x82\x18\xaf\x86!\xe2\xb9k\xdffx\x8f\x14+\xd7\x1b\x9e'
117,test_name,21-03-2022,WP50050MD,200,NO,WP50050MD117,"b')\x12\xfe\xc2\x8aF\xfc\x8e\xf1s\x8d\x8dJ\xd0\xdc\xea\xac,]\x90a,Mv\x0fw]\xef\xb8.\x17I'"
118,test_name,21-03-2022,WP50050MD,200,NO,WP50050MD118,"b"";\x1e`\x894\x0f'\nj7\x10\t\xfe\x08\x05\xb00\x18\x7f\xfbf\xfb\x17[/\xfb/\x91Vx;\xcb"""
119,test_name,21-03-2022,WP50050MD,200,NO,WP50050MD119,b'\x86t\x99\xb1\x80\xaf\x9bT\xb1\xdb}0oL\xca\xa5x\xce\xc9\x0c\x84Q\xda\xfb\x19CTh\xf4\xd1\xa3\xbe'
120,test_name,21-03-2022,WP50050MD,200,NO,WP50050MD120,b'P^M\xae\xd8?B\xcf\xe3\xd5\xf3\xea\xaa\x9bEtKE\x8d\xcf\x8c \xa9\x1eL\xd3\xad\xd1`P\xb1\x14'
121,test_name,21-03-2022,WP50050MD,200,NO,WP50050MD121,"b""\x07\x8e\xd4*\x82\xe9'\xd5\xc8a+\x85\xdezN}S\xd6\x02lg\x99\xa3\xcaHj1\xb9\xadl!\x19"""
122,test_name,21-03-2022,WP50050MD,200,NO,WP50050MD122,"b""t;\x072\xf8\x92\x92\xe4\xeb\xcd\xec!\xac\xb7nI\xcfD\xaf\xee\xec\t\x04\xc8N\xbe\xa94\xb0'\xfa\xa9"""
123,test_name,21-03-2022,WP50050MD,200,NO,WP50050MD123,b'\x1d\x82\xbd[\xccw\xb4\xe9\x11\xf3\xfe\xa7\x1a\x1c\xc7\xc2?\xa9\xa5;\xdf\x1f\xb5]<B\xaf\x9f\xeb3$\xa4'
124,test_name,21-03-2022,WP50050MD,200,NO,WP50050MD124,b'\x01\xbc\x18\xf1Ec\x9dh\xaf\xa3\x1fqr\xf7\xf1~|\xea\x07d\x19M\xceu\xca\xbd\xb2\xb9sn^\x16'
125,test_name,21-03-2022,WP50050MD,200,NO,WP50050MD125,b'c\x8b\x9f9B\x9a\x99\xfcfYi\x04\xb3{r+\x16\xd8\xddZj\x1c;JV|\xdf\xb9b\x07\x94\x05'
126,test_name,21-03-2022,WP50050MD,200,NO,WP50050MD126,"b'nU;\x1bU\tU!\xa1`\xa2\xf8\xdf\xa3:Q""\xafr\xd7_ead\x19\xcc\xddU\xaat\xb1\xf7'"
127,test_name,21-03-2022,WP50050MD,200,NO,WP50050MD127,b'(r\xaa\r\xc11\x0c\x80Wd\xd4L?\x1dv\xdcD|\x84\xfd\xc2\xe0\x0b.\xe8}\x7f\x80>\x00|\xd4'
128,test_name,21-03-2022,WP50050MD,200,NO,WP50050MD128,"b'3\x1c\x06\xb8\xfad\xe6a\x15\xe4\x8b\x81\xf8\xa0\x8d\x99\x91a\xdc\xf9\xb7\xa0\xeb\xe3\x99\x19\xda""#p0&'"
129,test_name,21-03-2022,WP50050MD,200,NO,WP50050MD129,"b""\x1e\xe7\x02\r[\xd0B\x18\xbc\xa5r\xa0eX\xe13g=\n'b\xe8\xef)7\x0f\x10\xeb3\x06\x94%"""
130,test_name,21-03-2022,WP50050MD,200,NO,WP50050MD130,b'U\xb7\xaa\x0c\xc8\xca\xf7\xe2\xdf0\x8a4\x8c:\xf5u\xae\xcc i\xb6\xc3\xaaWn|\xb2\xfa\xc0d\x02\x1a'
131,test_name,21-03-2022,WP50050MD,200,NO,WP50050MD131,b'1\xc0\xf1:3h\xa5\xeaB\xad\x00<\\\xb7\x03\xc3\xc6\xbfI/%0N\x1c\xc2\xfd\x9d\xfb\xcc\xd2\x02\xc2'
132,test_name,21-03-2022,WP50050MD,200,NO,WP50050MD132,b'w\xf4\x9f\x10a\xb2iT\x8f\x10\xa9*\xa5h\xa1c\xa3\x92\x03\xb4\x08\x137o\xac\xcb\x93\xe6\x94\xeb74'
133,test_name,21-03-2022,WP50050MD,200,NO,WP50050MD133,"b'Y\x1d""A\xc1\xba\x8b\xb8<Y,\x11\xb6h\x98\x82\xcf\x11\xb2\x87\xe5\xd3\xfd\xde\xf4\xa33x\xdbC\xde\xf8'"
134,test_name,21-03-2022,WP50050MD,200,NO,WP50050MD134,b'^\xc8=\x0e\xb7\x84\xad\xae\xe9\xc0\xafxB`/\xf3}\x7f\xfd\xbd\r\xa5\xf0\x9b\xc60\xe4ID!6\x04'
135,test_name,21-03-2022,WP50050MD,200,NO,WP50050MD135,"b'""\xad\x8f\xa8\xf9@\xd8g\x91\xddO\xae\t\x90\xdd$p&\xb5\r\x01G\xe4\x8d\xaa\xa5w\xa6\'\xbd\xd4\x83'"
136,test_name,21-03-2022,WP50050MD,200,NO,WP50050MD136,"b'(\xdf\x17\xc6<\x1e|\x93\x10\xcb\x83""Z\x05\xc1\xc8\xdd\x93\xda\x88}6\xa9U\xfe\x00\xb6\xe2\xb8\xbfP\xeb'"
137,test_name,21-03-2022,WP50050MD,200,NO,WP50050MD137,b'9cg\x151\xf8\xce\x1d\x15\x8b8\x837*\xfc\xf1\n&\x0b\xf6\xb3\x85\xb2\xe7<W\xb9]\x10\xfdt\xa8'
138,test_name,21-03-2022,WP50050MD,200,NO,WP50050MD138,b'B\xf9\xfa\xbe\xe67\xb3\rkp0\x02\xe9k\xe1\x0c\xdb\x87\xf9j\x84\xb4\x86\x1e\x92\xabT\xc7\xf8\x9c\x7f\xcf'
139,test_name,21-03-2022,WP50050MD,200,NO,WP50050MD139,b'\x06\x11a\xf9&\x94W@\xb97r\x1d\x9f\x1b\xc3\xa2u\x04\x90`\xb9U\x88\xfcx\xef\x1dM\x8f\xb4e\xc0'
140,test_name,21-03-2022,WP50050MD,200,NO,WP50050MD140,b'\x7f\xf6\xb147\xc9:\xf2:up\xa3@\x14w\xed\xf7\xa8$\xd9\x91!\xf26S\x12|\xf5\xe0\xb3\xe3/'
141,test_name,21-03-2022,WP50050MD,200,NO,WP50050MD141,"b'<^I\xb7\x05x1\xe5Df\xda\x89\x94U\x7f\x12,\x89\x82\xf4\xa4_\xae\x939\x87\xcbgkO\r\xc6'"
142,test_name,21-03-2022,WP50050MD,200,NO,WP50050MD142,b'p\xc1\xaa\xcea_Z3n:\xc9\xeb^\x86k\xdd\x9d\xbb\x8e-\xc7\x90\xbe\xff)\xab\xd5\xd15\x80X\xdc'
143,test_name,21-03-2022,WP50050MD,200,NO,WP50050MD143,b'\x01\xef=\xe8\x9e\x88\x8fx\x8b\x9c\xe6\xae\xac\x06\xb8\x81\x01\xd1G\xf5\xd16\x92)\xb2\xea`\xfbE\xf2\xac\xd8'
144,test_name,21-03-2022,WP50050MD,200,NO,WP50050MD144,b'&\xc7\x85\xba\x89C\x8a\x95\xd87\xda\xa2\x13N\xa2\xe8\xd3\x88\x95\xe9\t\xcd\x9911\xba\x93\x03\x18\x16&7'
145,test_name,21-03-2022,WP50050MD,200,NO,WP50050MD145,"b""5Y\x15%^'\x1f\xb1e\xe1dK\xcdIe\xad\xb7s\x8e\\\x16\x1f\xce\x89O\x9f\xd7%\xe0D\xde\xcd"""
146,test_name,21-03-2022,WP50050MD,200,NO,WP50050MD146,b'3\x80-}\xd5\n\xfdJ`\x01-\x9eR\xda\x16\xb0\xf9\xe0jR\xccp\xf4\x80Cc\x85\xde\xbd\xa11\xc1'
147,test_name,21-03-2022,WP50050MD,200,NO,WP50050MD147,b'E\x84\x0b\xdd\xdc\x85\t\xc2\x80d&\x98\xee_`G\xa8\xb5Z\x8f1)[C\xcc\xb0\xa1=\xb55q\x82'
148,test_name,21-03-2022,WP50050MD,200,NO,WP50050MD148,"b""_\xa5q\x83\xf2\x87g\x1f\xb9E\xcb\x07\xc8Z\x84\xf1\x1a\xd6\xb2\xfd\x98\xfc'\xfcH\x15h\x87J\xac\xac\x14"""
149,test_name,21-03-2022,WP50050MD,200,NO,WP50050MD149,b']\xa1\xbb\xa8h%tq\xe7\xc0\x02B\xbc9]\xad\x1e\x87\x83\x08\xff^\x93\xf93\xcb\x19\xc9s\xa4\xb5\xf6'
150,test_name,21-03-2022,WP50050MD,200,NO,WP50050MD150,"b'B\xc8\xb4U\xc3p,F\xbd\xab\xea\xfb\x17\xdc7\xa3\xb8\x892\xe2.\x96}\x02\x059Ny\x940\xb2\x92'"
151,test_name,21-03-2022,WP50050MD,200,NO,WP50050MD151,b'[\xc5\x1e\xc8\x13V]G\x96\x06\x88-\xf2\xa2\x01\x1cF\x18\xfel\x87\xe4\xffg\x91\xe5\x82\x0f \ro\x01'
152,test_name,21-03-2022,WP50050MD,200,NO,WP50050MD152,b'0\x06\x84\xe6\xae\xc3<\xda\xe4\xb1\xd8)\x0c\x828^\xd4\x83p\xba\x05F\x08\xc0\x87\xd8\x9f[\x9fW4{'
153,test_name,21-03-2022,WP50050MD,200,NO,WP50050MD153,b'U/\xa9\x96\xe2\xfaA\x92\xfbg\x04f\x99\xcc\xdc\x82\xee\xec\xb8\xc1>\xec\xb9\xea\x0b\xb0\xd5\xae{Bi\xb4'
154,test_name,21-03-2022,WP50050MD,200,NO,WP50050MD154,"b'{gZ\xb48IW8\xc4Z\xff\x1e\x9a\xc4R\xb5\x1b\x9c\xb9W""/\x11\xb2M\x1c""\xfc\xf3L\xe6n'"
155,test_name,21-03-2022,WP50050MD,200,NO,WP50050MD155,"b'`\xc0\xd3\x03,\xcd\x02\xcc\x99\x12\x86@as\x96\x1abk\xa1\xf3\xb4\x0c\xf1\x81L\xd9z\xaa\xeb.\x0b\xd5'"
156,test_name,21-03-2022,WP50050MD,200,NO,WP50050MD156,b'\x81l\xfdm\xc5O\x10New\x19>\xeb\x10\xb6\x8c AH\x1c\xb2\x1b\xe2`G}WA\x0c\x06\xd8F'
157,test_name,21-03-2022,WP50050MD,200,NO,WP50050MD157,b'\n4OKh\xc5u?\xf9\x1es_\xa5\xd0\x8e\x86\xf5\x9ac\x1bII\xd6\xfd\x86N\xb7\x96\xf8+\xae\xec'
158,test_name,21-03-2022,WP50050MD,200,NO,WP50050MD158,"b'A\xb7\xc9\xe6\x03\x0b[\x9a\x1d>\xdc\xf0l\x07\xb9\xb5nb"",\x9f)\xd5\x9er\xc4 \xa6S\x92\x10\x9a'"
159,test_name,21-03-2022,WP50050MD,200,NO,WP50050MD159,b'm\x0b\x97(\xb5\rWy\x08:\xb4\xa5L\r\xbf\x91\xe2=\xc8&\xe3C\t1\r\x1d\rz3\x94\x01:'
160,test_name,21-03-2022,WP50050MD,200,NO,WP50050MD160,b'T\xe5!At\xd6FOpj\xae8N.9$\x14\xfb\x18\xceN\xf2X\xb5\x1ao\x89\x0e\x1a\xcbG\x8d'
161,test_name,21-03-2022,WP50050MD,200,NO,WP50050MD161,b'\x82\x89\x1a\x89\xe0\xdd\x16\x94\xb1\xce`93\xf5\x99\x1a\xf63\x7fm-\xed\x81\xc0\xd0\x91K.D;\xa4\x13'
162,test_name,21-03-2022,WP50050MD,200,NO,WP50050MD162,"b'\x12\xc7S\xc7\xec\x15 v>\xd2\xc3`\x1a\xb8Yj""\x95\xab\xc0\x9am\x16;<u\x95\x1f\x06\xedx0'"
163,test_name,21-03-2022,WP50050MD,200,NO,WP50050MD163,b'V.\x80\xdfKD6w-\xd1G@\x95O\x10\x8a\x07\xbc\xc6\x1c(t(\xdc\xe6\xb9uA=\xdc\x14x'
164,test_name,21-03-2022,WP50050MD,200,NO,WP50050MD164,b'q\xbd\xfd\xc0/\xa6\xc0\xca\xb9\xef\xb9h\xe4\xa3\xbfJ\x16\x06 \xc5\xde}\x04;[\x9fQ\xef\xb5\xcd\x8b\x11'
165,test_name,21-03-2022,WP50050MD,200,NO,WP50050MD165,"b'\x10""\x021\xfe\x13\xb6<\xab(\xd71\xf7\x02\xff\xa5\xab\xa1\xffB\x9b\xc3\x92\xf0\xa1\x1am?8\xf2l\xfe'"
166,test_name,21-03-2022,WP50050MD,200,NO,WP50050MD166,"b""\x86\x1eL`.P2\xc3p\xe9\x0b\xcd\xf8A\x80\xeb\x8e\x8b\x05=\xbc',~a\x94\xe3q\x89\x1c1\x11"""
167,test_name,21-03-2022,WP50050MD,200,NO,WP50050MD167,"b"")\xe3\x0b'\x11;\xe9,=\xdd\xfd\xab\x86?\xc6{b\xe7U\x97\xaax\x03.\xd1\xe4D\x0eV\x8c\xa6@"""
168,test_name,21-03-2022,WP50050MD,200,NO,WP50050MD168,"b""Nr\x85?\xd1\xcf0\xb1\x07E\x95^K\x17z\xee\x96~\x00\xb4qx\x15\xdb\xecx\x1b4\xd8'\xef("""
169,test_name,21-03-2022,WP50050MD,200,NO,WP50050MD169,b'`\xe9\x037\xc5\xeaZ\xc9B\x82\x9b\xfd\xdf\xe6o\x99\xf6v\x87\x16\xe5{\xde\xcd=\xea<\x92\xc2\xcf\x9b\x84'
170,test_name,21-03-2022,WP50050MD,200,NO,WP50050MD170,b'\x13\xdf5M\x842AU\xa4C\x8b\xbcf\x03&\xab:\xb6<NFB\xc28\xae\xe2\xe0\xb4\xad\xf1\x83G'
171,test_name,21-03-2022,WP50050MD,200,NO,WP50050MD171,"b""g\xa2X\xc2\xb0*$\xbc\xc0J\xb1\x9fy\x0e@IQU \xd7\x8e\xac\xc1\xae\x06\xdc'a\x99iz\x91"""
172,test_name,21-03-2022,WP50050MD,200,NO,WP50050MD172,b'6\n\x11:\xcd\xba\xfe\xd7[\xd6:0\x9a\xe9\xa6\xb6\xdb\xcd\x98N\\!{\xed\xa6\x1e\xbb\xa5Q\xfa\x1d\xc3'
173,test_name,21-03-2022,WP50050MD,200,NO,WP50050MD173,"b""\x0b\xb7-\xa1'\xe3\rq\x85c\xcbo\xe9J\x89\xb6B\xb9\xc0\xca{\x8d\xc5\xc8\x813\x9d\xea\xaaun>"""
174,test_name,21-03-2022,WP50050MD,200,NO,WP50050MD174,b'^\x19\r\xd5j\x03\xe6\x9a^\x02\xe8\xbf-Nr\x9d\xeb\\\xd7q\x15\xe0\xbb\nY$\xedLQ\x1c[u'
175,test_name,21-03-2022,WP50050MD,200,NO,WP50050MD175,b'_&t~z\n\xf3\x89\xb7\x01\x8b:\xce\xbb\xf2\xe0\x81B\xdb\x80\x06\x05\xf3q\xa4b\xad\x9eR\xb3p\x93'
176,test_name,21-03-2022,WP50050MD,200,NO,WP50050MD176,"b""\x7f\xae((28\xa6\x1e'\xc7\xcf>\xb2\x88\x91\xbc$a\xd6\xdai4\x89c\xe8\xc8&\xf9\x88\xb1\xc6\xed"""
177,test_name,21-03-2022,WP50050MD,200,NO,WP50050MD177,b'V\x8d\x05J\xbb\x7f\xf9\xe7\x8b\xbdc\xe2\xabb1\x8b\xe0\xe0B\x89m\xb0\x06]*?0\x1b\xea\xe1f\xea'
178,test_name,21-03-2022,WP50050MD,200,NO,WP50050MD178,"b'\x19\xef\x93\x8c&\xb2\xff[\xefP\x90;\xf7,\xf0\xa2\x91e\xfa\xca\xe7\x8b:\x13\xac\x9e%\xc4\xdb\xd09%'"
179,test_name,21-03-2022,WP50050MD,200,NO,WP50050MD179,b'\x82O\xbf|w\xfd`[\x16\xde\xe3\xccvF\xdc\xf0\x95\xb3cW\xb65\x96\x94m\xc4\xcb\xb8\xe9\x88x\xc4'
180,test_name,21-03-2022,WP50050MD,200,NO,WP50050MD180,b'\x1a\x12\xa0:\x00P\xc3\xca\xcdbR\xd8\x02g\xc5\x80\xd1\xa7\xba\x86\xa6\x86z\xb6\xe1\x04$D\x08\x950\xa0'
181,test_name,21-03-2022,WP50050MD,200,NO,WP50050MD181,b'+\xef\xba\xf3Q\xa8\xd2\xa3\x1d\xe7]&\xff\xed\xaaZ\xe7`4P\x19\xb9\xb6\xc5\x91#z[\x88\xfc\xda\xcb'
182,test_name,21-03-2022,WP50050MD,200,NO,WP50050MD182,b'\x12\xfd(\n\x11\xf7\xf7\xe9\x18\xeb\xd4{$\x13+o\xde\x03\xa9K\xbc\xfcd\x0cR~\xaeO\xe3\xe0\x1b.'
183,test_name,21-03-2022,WP50050MD,200,NO,WP50050MD183,b'!\x9d\x820\xa7\xee\xb46\xc8\x9c\xdbx\x9f$\xc4\xaa9\x88i\xcb>\x97\xbf\x91\x9a\xa1\x1b\x81\xd6\xaf\x8f\xb1'
184,test_name,21-03-2022,WP50050MD,200,NO,WP50050MD184,b'3\xb48\x86\x0e!\xbeGr\xf9\xa8\x90X\x85\xa7\x0e#\xc1\xb3A\xe0\x0ek\xe5\xc3B\xcf\xf5\xbdk5\xe1'
185,test_name,21-03-2022,WP50050MD,200,NO,WP50050MD185,"b'A4\xe6\xdb\x0e\xb9\xb5\x88""?\xd2\x88\xe1\x93\x90\xcc\xfa3\x9e\xf2\xecS>\xffO\x99s\x1c[\x8c\xd69'"
186,test_name,21-03-2022,WP50050MD,200,NO,WP50050MD186,b'@\xc7\xfc\xf8\x95N\\\x83\xf7\x19<!\x0e\x15CTh\x19cW\x9b\xda\xe1\x1c\x1e\x13\xa0\x9b\xc0.\x7fA'
187,test_name,21-03-2022,WP50050MD,200,NO,WP50050MD187,b'r[\xdd{\x89\x89=D(P\xadBZ%\x07\xa4/\x9b\xd5\x9c\xcc\xbf\xeb\xc4\x03\x8f\xc8\xa5@B\xe7\xe6'
188,test_name,21-03-2022,WP50050MD,200,NO,WP50050MD188,"b'`/\x1f\xb5\xa1J\xa0\x00>\xe6\xa2\xcc\x97\x0c\xcf\'\xeb\xaa""&\xf7o\x95\x19dW\x18\x07l\xf9N\xb1'"
189,test_name,21-03-2022,WP50050MD,200,NO,WP50050MD189,b'qr;\xad\x7f\xf2\x93\xdc\xca\xc0\xe0\x9b\x83\xbf/\xd3W\xa72\xa5v\xd4\xdf\xa0+\x10\xfc\x13\xd0\xe0\xf89'
190,test_name,21-03-2022,WP50050MD,200,NO,WP50050MD190,b'\x1f\xc9\xedZ\xc7\x08h\xae\xd3\x8e\xf3\xa7:\xae\xda\xd9\xf7\x0c\xb0\x0c\xd1\x98CZd\xa5\x9fg\xd9\xa0\xf0\x8f'
191,test_name,21-03-2022,WP50050MD,200,NO,WP50050MD191,b'1\x00^\x11\xdfE\x00\xa0\x7f\xbc\xb1\xfc\xb6s\xe8\xa9\x1f\xb7k\xbf\xe0\xd4\xc3\x85+D\xc3\nl\xac\x98H'
192,test_name,21-03-2022,WP50050MD,200,NO,WP50050MD192,"b'\x83\xf5X*\xed\x18\x0cy\xb8\x1a\x9b(\xa3\xb1J\x0b33[\n\tZo\xa3\xcb""\x7fW\tj\xd7\x8b'"
193,test_name,21-03-2022,WP50050MD,200,NO,WP50050MD193,b'C\x17\x13\xe5;b^\xf4s\x02\x07\x91\x98O\x0b\xf5\x17;\x16\x03D\xbc\xcf\xd8Jnwr\xa1E\xd8Z'
194,test_name,21-03-2022,WP50050MD,200,NO,WP50050MD194,b'B/\xd9y\x11\xee\xb5\xc4\xd8\t\xfa\xfc\xa0\xb2\x9c\xd5#\x9eTeQ5~\x9d8\x15\xafA\xc9\x18\xb8!'
195,test_name,21-03-2022,WP50050MD,200,NO,WP50050MD195,b'5\x88\n\x93\xd3\x9fztB\x0f\x08\xa1\xb2\xfeo*6#\xb9\x86\x0c)\x9cM\x982\xb3*\xf9\xd0\x11\xd0'
196,test_name,21-03-2022,WP50050MD,200,NO,WP50050MD196,"b'\x89%k\x07|\x83\xbc5g\xda\x8e\x88\x1c\x86F\xd7\xaaX\x1c,\xf9\xfa\x0e\xe81\x96e\x82:\xa7\x14l'"
197,test_name,21-03-2022,WP50050MD,200,NO,WP50050MD197,b'$PzM\xfd\xc31x\xf6\x1bw\xf6\x8e\xf4`I\x9f\xb9\xa7~{\x8cx\xe7\xb8\xb4\xd9\xc9\x03\xdd\x94\xcb'
198,test_name,21-03-2022,WP50050MD,200,NO,WP50050MD198,b'5\xc0!\xa0*\x0f\xf2\x17\x03?2\xf4\x83\xe0D\x0ct\x85B\xba\xb7CR\x10\xf80\xa3\xbf\x89\xd5]\xb0'
199,test_name,21-03-2022,WP50050MD,200,NO,WP50050MD199,b'\x0f\xb8\xf9\xa2\xe0\xe9\xc1\xef5\xfc\x1fu\xd5\xc8 \x05z@\x03\xdc\xb28\x08\x9f\xee\xe4\x054\xca\x11\xda\x9f'
